Job	Start	Finish	Resource
writing_crossbar	100.0	1030.7861328125	Crossbar_0
reading_crossbar	1030.7861328125	1961.572265625	Crossbar_0
reading_crossbar	4000.0	4930.7861328125	Crossbar_0
reading_crossbar	5000.0	5930.7861328125	Crossbar_0
writing_crossbar	100.0	1030.7861328125	Crossbar_1
reading_crossbar	1030.7861328125	1961.572265625	Crossbar_1
reading_crossbar	5000.0	5930.7861328125	Crossbar_1
reading_crossbar	5930.7861328125	6861.572265625	Crossbar_1
writing_crossbar	100.0	1030.7861328125	Crossbar_2
reading_crossbar	1030.7861328125	1961.572265625	Crossbar_2
reading_crossbar	5000.0	5930.7861328125	Crossbar_2
reading_crossbar	100.0	1030.7861328125	Crossbar_3
writing_crossbar	1030.7861328125	1961.572265625	Crossbar_3
reading_crossbar	5000.0	5930.7861328125	Crossbar_3
