Job	Start	Finish	Resource
writing_crossbar	100.0	3823.14453125	Crossbar_0
reading_crossbar	3823.14453125	7546.2890625	Crossbar_0
reading_crossbar	7546.2890625	11269.43359375	Crossbar_0
reading_crossbar	11269.43359375	14992.578125	Crossbar_0
writing_crossbar	100.0	3823.14453125	Crossbar_1
reading_crossbar	3823.14453125	7546.2890625	Crossbar_1
reading_crossbar	7546.2890625	11269.43359375	Crossbar_1
reading_crossbar	11269.43359375	14992.578125	Crossbar_1
writing_crossbar	100.0	3823.14453125	Crossbar_2
reading_crossbar	3823.14453125	7546.2890625	Crossbar_2
reading_crossbar	7546.2890625	11269.43359375	Crossbar_2
reading_crossbar	100.0	3823.14453125	Crossbar_3
writing_crossbar	3823.14453125	7546.2890625	Crossbar_3
reading_crossbar	7546.2890625	11269.43359375	Crossbar_3
