Job	Start	Finish	Resource
actor1	0.000000000000	10000.000000000000	cpu1
actor2	10000.000000000000	20000.000000000000	cpu1
actor3	20000.000000000000	30000.000000000000	cpu1
actor4	30000.000000000000	40000.000000000000	cpu1
actor1	70000.000000000000	80000.000000000000	cpu1
actor2	80000.000000000000	90000.000000000000	cpu1
actor3	90000.000000000000	100000.000000000000	cpu1
actor4	100000.000000000000	110000.000000000000	cpu1
