Memory	When	Capacity
Tile1_Processor0_localMemory	0.000000000000	0.000000000000
Tile1_Processor1_localMemory	0.000000000000	0.000000000000
TileLocalMemory_Tile1	0.000000000000	0.000000000000
Tile2_Processor0_localMemory	0.000000000000	0.000000000000
Tile2_Processor1_localMemory	0.000000000000	0.000000000000
TileLocalMemory_Tile2	0.000000000000	0.000000000000
GLOBAL_MEMORY	0.000000000000	0.000000000000
