Job	Start	Finish	Resource
a1	0.0	10000.0	TileSingleCoreBus1_Processor0
a2	11861.572265625	21861.572265625	TileSingleCoreBus1_Processor0
a1	23723.14453125	33723.14453125	TileSingleCoreBus1_Processor0
a3	35584.716796875	45584.716796875	TileSingleCoreBus1_Processor0
a4	47446.2890625	57446.2890625	TileSingleCoreBus1_Processor0
a2	59307.861328125	69307.861328125	TileSingleCoreBus1_Processor0
a5:sink	73031.005859375	83031.005859375	TileSingleCoreBus1_Processor0
writing_crossbar	10000.0	10930.7861328125	crossbar_TileSingleCoreBus1_0
reading_crossbar	10930.7861328125	11861.572265625	crossbar_TileSingleCoreBus1_0
writing_crossbar	21861.572265625	22792.3583984375	crossbar_TileSingleCoreBus1_0
writing_crossbar	22792.3583984375	23723.14453125	crossbar_TileSingleCoreBus1_0
writing_crossbar	33723.14453125	34653.9306640625	crossbar_TileSingleCoreBus1_0
reading_crossbar	34653.9306640625	35584.716796875	crossbar_TileSingleCoreBus1_0
writing_crossbar	45584.716796875	46515.5029296875	crossbar_TileSingleCoreBus1_0
reading_crossbar	46515.5029296875	47446.2890625	crossbar_TileSingleCoreBus1_0
writing_crossbar	57446.2890625	58377.0751953125	crossbar_TileSingleCoreBus1_0
reading_crossbar	58377.0751953125	59307.861328125	crossbar_TileSingleCoreBus1_0
writing_crossbar	69307.861328125	70238.6474609375	crossbar_TileSingleCoreBus1_0
writing_crossbar	70238.6474609375	71169.43359375	crossbar_TileSingleCoreBus1_0
reading_crossbar	71169.43359375	72100.2197265625	crossbar_TileSingleCoreBus1_0
reading_crossbar	72100.2197265625	73031.005859375	crossbar_TileSingleCoreBus1_0
