Job	Start	Finish	Resource
a1	0.000000000000	0.010000000000	TileSingleCoreBus1_Processor0
a2	0.011861572266	0.021861572266	TileSingleCoreBus1_Processor0
a1	0.023723144531	0.033723144531	TileSingleCoreBus1_Processor0
a3	0.035584716797	0.045584716797	TileSingleCoreBus1_Processor0
a4	0.047446289063	0.057446289063	TileSingleCoreBus1_Processor0
a2	0.059307861328	0.069307861328	TileSingleCoreBus1_Processor0
a5:sink	0.073031005859	0.083031005859	TileSingleCoreBus1_Processor0
writing_crossbar	0.010000000000	0.010930786133	crossbar_TileSingleCoreBus1_0
reading_crossbar	0.010930786133	0.011861572266	crossbar_TileSingleCoreBus1_0
writing_crossbar	0.021861572266	0.022792358398	crossbar_TileSingleCoreBus1_0
writing_crossbar	0.022792358398	0.023723144531	crossbar_TileSingleCoreBus1_0
writing_crossbar	0.033723144531	0.034653930664	crossbar_TileSingleCoreBus1_0
reading_crossbar	0.034653930664	0.035584716797	crossbar_TileSingleCoreBus1_0
writing_crossbar	0.045584716797	0.046515502930	crossbar_TileSingleCoreBus1_0
reading_crossbar	0.046515502930	0.047446289063	crossbar_TileSingleCoreBus1_0
writing_crossbar	0.057446289063	0.058377075195	crossbar_TileSingleCoreBus1_0
reading_crossbar	0.058377075195	0.059307861328	crossbar_TileSingleCoreBus1_0
writing_crossbar	0.069307861328	0.070238647461	crossbar_TileSingleCoreBus1_0
writing_crossbar	0.070238647461	0.071169433594	crossbar_TileSingleCoreBus1_0
reading_crossbar	0.071169433594	0.072100219727	crossbar_TileSingleCoreBus1_0
reading_crossbar	0.072100219727	0.073031005859	crossbar_TileSingleCoreBus1_0
