Job	Start	Finish	Resource
a1	0.0	0.01	TileSingleCoreBus1_Processor0
a2	0.011861572265625	0.021861572265625	TileSingleCoreBus1_Processor0
a1	0.02372314453125	0.03372314453125	TileSingleCoreBus1_Processor0
a3	0.035584716796875	0.045584716796875	TileSingleCoreBus1_Processor0
a4	0.0474462890625	0.0574462890625	TileSingleCoreBus1_Processor0
a2	0.059307861328125	0.069307861328125	TileSingleCoreBus1_Processor0
a5:sink	0.073031005859375	0.08303100585937499	TileSingleCoreBus1_Processor0
writing_crossbar	0.01	0.0109307861328125	crossbar_TileSingleCoreBus1_0
reading_crossbar	0.0109307861328125	0.011861572265625	crossbar_TileSingleCoreBus1_0
writing_crossbar	0.021861572265625	0.0227923583984375	crossbar_TileSingleCoreBus1_0
writing_crossbar	0.0227923583984375	0.02372314453125	crossbar_TileSingleCoreBus1_0
writing_crossbar	0.03372314453125	0.0346539306640625	crossbar_TileSingleCoreBus1_0
reading_crossbar	0.0346539306640625	0.035584716796875	crossbar_TileSingleCoreBus1_0
writing_crossbar	0.045584716796875	0.0465155029296875	crossbar_TileSingleCoreBus1_0
reading_crossbar	0.0465155029296875	0.0474462890625	crossbar_TileSingleCoreBus1_0
writing_crossbar	0.0574462890625	0.0583770751953125	crossbar_TileSingleCoreBus1_0
reading_crossbar	0.0583770751953125	0.059307861328125	crossbar_TileSingleCoreBus1_0
writing_crossbar	0.069307861328125	0.0702386474609375	crossbar_TileSingleCoreBus1_0
writing_crossbar	0.0702386474609375	0.07116943359375	crossbar_TileSingleCoreBus1_0
reading_crossbar	0.07116943359375	0.0721002197265625	crossbar_TileSingleCoreBus1_0
reading_crossbar	0.0721002197265625	0.073031005859375	crossbar_TileSingleCoreBus1_0
