Job	Start	Finish	Resource
a1	0.0	10000.0	TileSingleCoreBus1_Processor0
a2	11861.572265625	21861.572265625	TileSingleCoreBus1_Processor0
a1	21861.572265625	31861.572265625	TileSingleCoreBus1_Processor0
a3	33723.14453125	43723.14453125	TileSingleCoreBus1_Processor0
a4	45584.716796875	55584.716796875	TileSingleCoreBus1_Processor0
a2	57446.2890625	67446.2890625	TileSingleCoreBus1_Processor0
a5:sink	71169.43359375	81169.43359375	TileSingleCoreBus1_Processor0
writing_crossbar	10000.0	10930.7861328125	crossbar_TileSingleCoreBus1_0
reading_crossbar	10930.7861328125	11861.572265625	crossbar_TileSingleCoreBus1_0
writing_crossbar	21861.572265625	22792.3583984375	crossbar_TileSingleCoreBus1_0
writing_crossbar	22792.3583984375	23723.14453125	crossbar_TileSingleCoreBus1_0
writing_crossbar	31861.572265625	32792.3583984375	crossbar_TileSingleCoreBus1_0
reading_crossbar	32792.3583984375	33723.14453125	crossbar_TileSingleCoreBus1_0
writing_crossbar	43723.14453125	44653.9306640625	crossbar_TileSingleCoreBus1_0
reading_crossbar	44653.9306640625	45584.716796875	crossbar_TileSingleCoreBus1_0
writing_crossbar	55584.716796875	56515.5029296875	crossbar_TileSingleCoreBus1_0
reading_crossbar	56515.5029296875	57446.2890625	crossbar_TileSingleCoreBus1_0
writing_crossbar	67446.2890625	68377.0751953125	crossbar_TileSingleCoreBus1_0
writing_crossbar	68377.0751953125	69307.861328125	crossbar_TileSingleCoreBus1_0
reading_crossbar	69307.861328125	70238.6474609375	crossbar_TileSingleCoreBus1_0
reading_crossbar	70238.6474609375	71169.43359375	crossbar_TileSingleCoreBus1_0
